docket_id,lowest.sorted.rin.of.related.rins,related.rins,comment_count,comments_matched,asset_data_name,nonprofits_resources_name,CIK_name,CreditUnions_name,FDIC_Institutions_name,FFIECInstitutions_name,SEC_Institutions_name,compustat_resources_name
CFPB-2016-0025,3170-AA40,3170-AA40,211997,20363,3778,1416,256,2009,97,0,0,0
CFPB-2012-0028,3170-AA19,3170-AA19,3000,1602,1141,449,439,24,229,0,0,0
CFTC-2011-0013,NA,NA,NA,1701,587,295,276,7,9,0,0,0
CFPB-2013-0002,3170-AA34,3170-AA34,940,623,514,144,207,6,157,0,0,0
S7-45-10,NA,NA,897,689,437,295,93,8,41,0,0,0
CFPB-2012-0037,3170-AA13,3170-AA13,714,433,322,98,178,4,42,0,0,0
CFPB-2014-0019,3170-AA10,3170-AA10,419,319,256,103,30,4,119,0,0,0
S7-14-11,NA,NA,486,376,243,153,82,4,4,0,0,0
R-1432,1557-AD44,"1557-AD44, 3064-AD85, 7100-AD82",516,332,221,100,97,18,6,0,0,0
CFPB-2019-0021,NA,NA,NA,227,211,39,4,1,167,0,0,0
CFPB-2011-0008,3170-AA17,"3170-AA17, 7100-AD75",1999,434,197,109,62,0,26,0,0,0
CFTC-2013-0107,NA,NA,NA,389,190,113,72,1,4,0,0,0
R-1417_V1,3170-AA17,"3170-AA17, 7100-AD75",891,219,174,85,65,0,24,0,0,0
S7-41-11,NA,NA,527,271,168,68,95,3,2,0,0,0
CFTC-2012-0058,NA,NA,NA,308,162,62,79,2,19,0,0,0
CFPB-2013-0018,3170-AA37,3170-AA37,287,198,160,80,63,7,10,0,0,0
CFPB-2012-0029,3170-AA12,3170-AA12,253,181,145,59,29,1,56,0,0,0
CFPB-2019-0022,NA,NA,NA,481,135,108,22,2,3,0,0,0
CFTC-2011-0049,NA,NA,NA,242,134,61,67,0,6,0,0,0
S7-40-10,3235-AK84,3235-AK84,442,192,128,82,38,2,6,0,0,0
S7-08-10,NA,NA,307,188,127,60,61,2,4,0,0,0
CFPB-2015-0029,3170-AA48,3170-AA48,851,217,123,66,26,6,25,0,0,0
CFTC-2010-0115,NA,NA,NA,312,119,33,79,2,5,0,0,0
CFTC-2010-0196,NA,NA,NA,250,116,75,32,5,4,0,0,0
R-1394_V1,AD-7100-56,AD-7100-56,947,178,114,64,44,2,4,0,0,0
CFPB-2012-0033,3170-AA14,3170-AA14,185,137,113,65,14,1,33,0,0,0
CFPB-2016-0020,3170-AA51,3170-AA51,6992,289,113,86,22,3,2,0,0,0
CFPB-2016-0038,3170-AA61,3170-AA61,1998,153,112,51,49,1,11,0,0,0
S7-06-13,NA,NA,605,226,103,43,57,3,0,0,0,0
S7-08-12,NA,NA,128,177,100,40,60,0,0,0,0,0
CFPB-2012-0034,3170-AA14,3170-AA14,166,124,96,66,10,1,19,0,0,0
CFPB-2013-0033,3170-AA41,3170-AA41,399,133,94,74,15,3,2,0,0,0
CFPB-2014-0033,3170-AA49,3170-AA49,174,119,87,64,14,1,8,0,0,0
S7-03-13,NA,NA,266,161,87,35,41,1,10,0,0,0
CFTC-2012-0019,NA,NA,NA,333,84,33,39,9,3,0,0,0
CFPB-2012-0022,3170-AA17,"3170-AA17, 7100-AD75",179,116,83,44,30,0,9,0,0,0
S7-07-13,NA,NA,1549,139,82,39,39,1,3,0,0,0
CFPB-2012-0050,3170-AA33,3170-AA33,121,89,69,40,11,6,12,0,0,0
CFTC-2010-0140,NA,NA,NA,138,69,40,25,3,1,0,0,0
CFPB-2011-0002,NA,NA,522,95,66,54,11,1,0,0,0,0
CFPB-2011-0009,7100-AD76,7100-AD76,126,86,66,35,10,3,18,0,0,0
CFPB-2014-0010,3170-AA39,3170-AA39,125,75,63,32,6,5,20,0,0,0
CFPB-2013-0013,3170-AA37,3170-AA37,92,74,61,39,5,8,9,0,0,0
CFTC-2011-0003,NA,NA,NA,157,61,16,45,0,0,0,0,0
S7-42-10,3235-AK85,3235-AK85,364,86,58,37,19,1,1,0,0,0
CFPB-2012-0031,1557-AD62,"1557-AD62, 1557-AD70, 1557-AD90, 1557-AD99, 3170-AA11, 3170-AA68, 7100 AE56, 7100-AD90",85,66,54,26,5,1,22,0,0,0
S7-12-10,NA,NA,121,81,54,11,43,0,0,0,0,0
S7-33-10,NA,NA,256,84,54,34,19,1,0,0,0,0
S7-39-10,NA,NA,99,76,53,27,24,0,2,0,0,0
CFPB-2014-0009,3170-AA43,3170-AA43,68,57,50,41,6,1,2,0,0,0
CFTC-2011-0066,NA,NA,NA,108,50,30,17,3,0,0,0,0
CFTC-2010-0178,NA,NA,NA,109,49,23,26,0,0,0,0,0
CFPB-2012-0032,3170-AA26,3170-AA26,69,57,48,28,6,0,14,0,0,0
CFPB-2015-0004,NA,NA,NA,54,48,22,3,2,21,0,0,0
CFTC-2012-0138,NA,NA,NA,81,48,26,22,0,0,0,0,0
CFTC-2010-0193,NA,NA,NA,80,47,23,24,0,0,0,0,0
CFTC-2010-0138,NA,NA,NA,148,46,23,22,1,0,0,0,0
CFTC-2011-0020,NA,NA,NA,79,46,22,23,1,0,0,0,0
S7-18-08,NA,NA,110,73,46,9,36,1,0,0,0,0
CFTC-2012-0037,NA,NA,NA,94,45,23,22,0,0,0,0,0
R-1536,1550-AC49,"1550-AC49, 1557-AD39, 2590-AA42, 3064-AD56, 3064-AD86, 3133-AD88, 3133-AE48, 7100-AD69, 7100-AE50",67,58,45,29,16,0,0,0,0,0
CFPB-2013-0010,3170-AA37,3170-AA37,73,53,43,29,7,1,6,0,0,0
R-1413,NA,NA,58,45,41,7,6,0,28,0,0,0
CFTC-2010-0109,NA,NA,NA,86,39,15,24,0,0,0,0,0
CFTC-2010-0179,NA,NA,NA,99,39,22,16,1,0,0,0,0
R-1419,7100-AD76,7100-AD76,66,50,39,17,10,1,11,0,0,0
S7-12-11,NA,NA,766,82,39,29,9,0,1,0,0,0
CFPB-2012-0005,3170-AA00,"3170-AA00, 3170-AA30",83,53,34,25,7,2,0,0,0,0
R-1443_V1,1557-AD62,"1557-AD62, 1557-AD70, 1557-AD90, 1557-AD99, 3170-AA11, 3170-AA68, 7100 AE56, 7100-AD90",49,40,34,13,3,0,18,0,0,0
CFTC-2011-0005,NA,NA,NA,74,33,12,21,0,0,0,0,0
S7-27-10,NA,NA,96,56,33,19,13,1,0,0,0,0
CFTC-2011-0058,NA,NA,NA,54,32,17,14,0,1,0,0,0
S7-37-10,NA,NA,123,57,32,5,27,0,0,0,0,0
CFTC-2013-0098,NA,NA,NA,50,31,25,6,0,0,0,0,0
S7-07-15,NA,NA,74,43,30,10,19,0,1,0,0,0
S7-31-10,NA,NA,66,41,30,11,18,1,0,0,0,0
CFPB-2017-0018,3170-AA76,3170-AA76,49,32,29,16,11,0,2,0,0,0
R-1410,1550-AC49,"1550-AC49, 1557-AD39, 2590-AA42, 3064-AD56, 3064-AD86, 3133-AD88, 3133-AE48, 7100-AD69, 7100-AE50",191,53,29,15,10,1,3,0,0,0
CFPB-2014-0008,3170-AA45,3170-AA45,35,29,25,14,5,2,4,0,0,0
CFTC-2011-0018,NA,NA,NA,51,25,16,9,0,0,0,0,0
S7-06-11,NA,NA,62,34,25,11,14,0,0,0,0,0
S7-09-15,NA,NA,47,34,25,9,15,0,1,0,0,0
S7-12-15,NA,NA,65,34,25,12,12,0,1,0,0,0
S7-16-11,NA,NA,56,38,25,18,7,0,0,0,0,0
S7-25-11,NA,NA,52,35,25,15,10,0,0,0,0,0
S7-34-10,NA,NA,142,57,25,12,13,0,0,0,0,0
CFTC-2010-0153,NA,NA,NA,55,23,16,5,0,2,0,0,0
CFTC-2011-0070,NA,NA,NA,45,23,19,4,0,0,0,0,0
S7-23-07,NA,NA,53,29,23,13,10,0,0,0,0,0
R-1407_V1,7100-AD66,7100-AD66,34,27,22,17,2,0,3,0,0,0
S7-08-13,NA,NA,NA,28,22,14,6,0,2,0,0,0
CFTC-2016-0107,NA,NA,NA,34,21,5,16,0,0,0,0,0
CFTC-2016-0109,NA,NA,NA,66,21,11,10,0,0,0,0,0
R-1534,7100-AE48,7100-AE48,28,27,21,10,10,0,1,0,0,0
R-1550,NA,NA,54,36,21,17,4,0,0,0,0,0
S7-13-11,NA,NA,58,33,21,5,16,0,0,0,0,0
S7-18-11,NA,NA,67,32,21,8,13,0,0,0,0,0
CFPB-2013-0020,1557-AD62,"1557-AD62, 1557-AD70, 1557-AD90, 1557-AD99, 3170-AA11, 3170-AA68, 7100 AE56, 7100-AD90",33,25,20,15,3,1,1,0,0,0
CFPB-2014-0028,3170-AA48,3170-AA48,31,26,20,9,7,1,3,0,0,0
CFTC-2012-0088,NA,NA,NA,25,20,17,2,0,1,0,0,0
CFTC-2012-0102,NA,NA,NA,30,20,15,4,0,1,0,0,0
R-1537,1557-AD97,"1557-AD97, 7100-AE51",32,28,20,11,9,0,0,0,0,0
R-1539,7100-AE53,7100-AE53,28,24,20,9,9,2,0,0,0,0
S7-07-11,NA,NA,44,29,20,8,12,0,0,0,0,0
CFPB-2013-0031,3170-AA37,3170-AA37,51,26,19,16,1,0,2,0,0,0
CFPB-2017-0021,3170-AA76,3170-AA76,36,23,19,14,0,0,5,0,0,0
CFTC-2010-0158,NA,NA,NA,39,19,12,4,2,1,0,0,0
CFTC-2012-0023,NA,NA,NA,30,19,11,7,0,1,0,0,0
R-1486_V1,1557-AD64,"1557-AD64, 3064-AE10, 3133-AE22, 3170-AA44, 7100-AE15",43,26,19,15,2,0,2,0,0,0
S7-26-10,NA,NA,58,32,19,11,6,2,0,0,0,0
R-1538,7100-AE52,7100-AE52,27,26,18,11,7,0,0,0,0,0
S7-36-10,NA,NA,77,27,17,10,7,0,0,0,0,0
S7-38-11,NA,NA,43,27,17,9,8,0,0,0,0,0
CFPB-2013-0029,NA,NA,28,20,16,10,2,0,4,0,0,0
CFTC-2010-0154,NA,NA,NA,34,16,11,4,1,0,0,0,0
CFTC-2010-0194,NA,NA,NA,44,16,9,6,0,1,0,0,0
CFTC-2011-0002,NA,NA,NA,45,16,6,7,0,3,0,0,0
CFTC-2011-0016,NA,NA,NA,30,16,13,2,1,0,0,0,0
R-1401_V2,1557-AC99,"1557-AC99, 3064-AD70, 7100-AD61",32,20,16,7,8,0,1,0,0,0
R-1505,7100-AE26,7100-AE26,21,19,16,10,5,0,1,0,0,0
S7-25-10,NA,NA,94,28,16,6,9,0,1,0,0,0
CFPB-2012-0021,3170-AA24,3170-AA24,36,26,15,12,3,0,0,0,0,0
CFPB-2014-0006,1557-AD64,"1557-AD64, 3064-AE10, 3133-AE22, 3170-AA44, 7100-AE15",49,23,15,11,4,0,0,0,0,0
CFTC-2010-0161,NA,NA,NA,34,15,5,10,0,0,0,0,0
CFTC-2011-0071,NA,NA,NA,35,15,5,10,0,0,0,0,0
R-1460_V1,1557-AD69,"1557-AD69, 3064-AE01, 7100-AD99",26,22,15,8,4,2,1,0,0,0
S7-24-10,NA,NA,45,28,15,8,6,1,0,0,0,0
3133-AE22,1557-AD64,"1557-AD64, 3064-AE10, 3133-AE22, 3170-AA44, 7100-AE15",34,19,14,14,0,0,0,0,0,0
CFPB-2012-0010,3170-AA20,3170-AA20,32,18,14,9,3,0,2,0,0,0
CFPB-2013-0005,3170-AA35,3170-AA35,61,26,14,12,0,2,0,0,0,0
CFTC-2010-0155,NA,NA,NA,26,14,11,3,0,0,0,0,0
CFTC-2010-0167,NA,NA,NA,21,14,4,9,0,1,0,0,0
CFTC-2010-0186,NA,NA,NA,26,14,7,7,0,0,0,0,0
CFTC-2011-0148,NA,NA,NA,26,14,4,10,0,0,0,0,0
R-1457,7100-AD95,7100-AD95,18,17,14,8,5,1,0,0,0,0
R-1492,7100-AE20,7100-AE20,19,17,14,4,9,0,1,0,0,0
S7-41-10,3235-AK83,3235-AK83,34,17,14,9,5,0,0,0,0,0
CFPB-2014-0024,3170-AA46,3170-AA46,31,17,13,9,1,2,1,0,0,0
CFTC-2010-0157,NA,NA,NA,25,13,5,8,0,0,0,0,0
CFTC-2011-0105,NA,NA,NA,34,13,6,7,0,0,0,0,0
CFTC-2016-0090,NA,NA,NA,19,13,7,6,0,0,0,0,0
R-1391,1550-AC43,"1550-AC43, 1557-AD35, 3064-AD62, 7100-AD53",22,16,13,5,8,0,0,0,0,0
R-1392_V1,7100-AD54,7100-AD54,16,13,13,8,1,0,4,0,0,0
S7-05-11,NA,NA,39,27,13,6,6,0,1,0,0,0
CFPB-2013-0009,3170-AA37,3170-AA37,18,13,12,7,0,0,5,0,0,0
CFPB-2011-0031,3170-AA06,3170-AA06,22,15,11,9,1,0,1,0,0,0
CFTC-2010-0160,NA,NA,NA,16,11,3,8,0,0,0,0,0
CFTC-2010-0165,NA,NA,NA,27,11,3,8,0,0,0,0,0
CFTC-2017-0005,NA,NA,NA,17,11,0,11,0,0,0,0,0
R-1399_V1,7100-AD59,7100-AD59,15,12,11,7,2,1,1,0,0,0
R-1414,3064-AD77,"3064-AD77, 7100-AD73",22,17,11,7,4,0,0,0,0,0
CFPB-2016-0016,NA,NA,NA,12,10,6,2,1,1,0,0,0
CFTC-2010-0132,NA,NA,NA,15,10,5,5,0,0,0,0,0
CFTC-2010-0166,NA,NA,NA,20,10,3,7,0,0,0,0,0
R-1405,7100-AD64,7100-AD64,23,16,10,7,2,1,0,0,0,0
R–1415,1557-AD43,"1557-AD43, 2590-AA45, 3064-AD79, 3064-AE21, 7100-AD74",10,12,10,5,3,0,2,0,0,0
S7-01-15,NA,NA,24,14,10,3,7,0,0,0,0,0
S7-21-11,NA,NA,44,17,10,8,2,0,0,0,0,0
S7-37-10;S7-36-10,NA,NA,NA,15,10,4,5,1,0,0,0,0
S7-43-10,NA,NA,21,13,10,8,2,0,0,0,0,0
CFPB-2014-0003,3170-AA25,3170-AA25,15,11,9,7,1,1,0,0,0,0
CFPB-2016-0039,3170-AA63,3170-AA63,29,18,9,6,3,0,0,0,0,0
CFTC-2010-0162,NA,NA,NA,16,9,4,5,0,0,0,0,0
CFTC-2010-0174,NA,NA,NA,26,9,2,7,0,0,0,0,0
CFTC-2010-0177,NA,NA,NA,22,9,8,1,0,0,0,0,0
CFTC-2010-0195,NA,NA,NA,24,9,7,2,0,0,0,0,0
CFTC-2010-0200,NA,NA,NA,22,9,3,6,0,0,0,0,0
CFTC-2012-0101,NA,NA,NA,24,9,3,6,0,0,0,0,0
CFTC-2015-0053,NA,NA,NA,14,9,7,2,0,0,0,0,0
S7-08-11,NA,NA,32,18,9,4,5,0,0,0,0,0
S7-17-11,NA,NA,49,14,9,5,4,0,0,0,0,0
S7-30-10,NA,NA,27,13,9,3,6,0,0,0,0,0
S7-34-10;S7-40-11;S7-02-13,NA,NA,NA,14,9,6,3,0,0,0,0,0
Share Insurance and Appendix,3133-AD79,3133-AD79,18,12,9,7,1,1,0,0,0,0
CFPB-2011-0021,NA,NA,12,10,8,4,1,2,1,0,0,0
CFTC-2010-0175,NA,NA,NA,23,8,5,3,0,0,0,0,0
CFTC-2011-0019,NA,NA,NA,18,8,5,2,1,0,0,0,0
CFTC-2011-0029,NA,NA,NA,25,8,2,6,0,0,0,0,0
R-1397,7100-AD58,7100-AD58,13,11,8,4,4,0,0,0,0,0
R-1443_V2,1557-AD62,"1557-AD62, 1557-AD70, 1557-AD90, 1557-AD99, 3170-AA11, 3170-AA68, 7100 AE56, 7100-AD90",12,10,8,6,1,0,1,0,0,0
R-1480,1557-AD79,"1557-AD79, 3064-AE11, 7100-AE11",18,11,8,5,0,1,2,0,0,0
R-1540,7100-AE54,7100-AE54,14,14,8,6,2,0,0,0,0,0
S7-03-15,NA,NA,18,11,8,3,5,0,0,0,0,0
S7-04-11,NA,NA,43,17,8,5,3,0,0,0,0,0
CFPB-2011-0004,3170-AA04,3170-AA04,10,8,7,7,0,0,0,0,0,0
CFPB-2011-0023,3170-AA06,3170-AA06,9,7,7,6,1,0,0,0,0,0
CFPB-2020-0010,NA,NA,NA,8,7,3,3,0,1,0,0,0
CFTC-2010-0143,NA,NA,NA,16,7,6,1,0,0,0,0,0
CFTC-2010-0183,NA,NA,NA,12,7,3,4,0,0,0,0,0
CFTC-2017-0027,NA,NA,NA,9,7,4,3,0,0,0,0,0
R-1548,7100-AE59,7100-AE59,12,11,7,3,3,0,1,0,0,0
S7-06-15,NA,NA,16,9,7,4,3,0,0,0,0,0
S7-11-11,NA,NA,14,9,7,1,5,1,0,0,0,0
S7-15-11,NA,NA,12,7,7,4,3,0,0,0,0,0
S7-23-11,NA,NA,27,11,7,3,4,0,0,0,0,0
S7-32-10,NA,NA,19,10,7,7,0,0,0,0,0,0
CFPB-2011-0003,3170-AA01,3170-AA01,10,7,6,5,0,1,0,0,0,0
CFTC-2010-0187,NA,NA,NA,16,6,4,2,0,0,0,0,0
CFTC-2010-0189,NA,NA,NA,9,6,2,4,0,0,0,0,0
CFTC-2011-0026,NA,NA,NA,12,6,3,3,0,0,0,0,0
CFTC-2017-0002,NA,NA,NA,14,6,2,3,0,1,0,0,0
R-1412,7100-AD71,7100-AD71,10,6,6,5,1,0,0,0,0,0
R–1405,7100-AD64,7100-AD64,12,7,6,4,0,1,1,0,0,0
S7-24-10;S7-26-10,NA,NA,NA,8,6,5,1,0,0,0,0,0
S7-35-10;S7-34-10,NA,NA,NA,12,6,2,3,1,0,0,0,0
S7-35-11,NA,NA,184,16,6,0,6,0,0,0,0,0
CFPB-2011-0022,3170-AA06,3170-AA06,5,5,5,5,0,0,0,0,0,0
CFPB-2011-0028,3170-AA06,3170-AA06,6,5,5,4,1,0,0,0,0,0
CFPB-2011-0029,3170-AA06,3170-AA06,10,9,5,5,0,0,0,0,0,0
CFTC-2011-0047,NA,NA,NA,9,5,2,3,0,0,0,0,0
CFTC-2014-0044,NA,NA,NA,8,5,5,0,0,0,0,0,0
CFTC-2016-0024,NA,NA,NA,13,5,2,3,0,0,0,0,0
R-1415,1557-AD43,"1557-AD43, 2590-AA45, 3064-AD79, 3064-AE21, 7100-AD74",10,6,5,3,2,0,0,0,0,0
R-1487,1557-AD81,"1557-AD81, 1557-AD83, 3064-AE12, 3064-AE13, 7100-AD16, 7100-AE17",9,8,5,3,1,0,1,0,0,0
S7-34-10;S7-40-11,NA,NA,NA,8,5,3,2,0,0,0,0,0
S7-35-10,NA,NA,36,11,5,2,3,0,0,0,0,0
CFPB-2011-0019,3170-AA06,3170-AA06,9,7,4,4,0,0,0,0,0,0
CFPB-2011-0020,3170-AA06,3170-AA06,5,4,4,3,0,0,1,0,0,0
CFPB-2011-0024,3170-AA06,3170-AA06,6,5,4,4,0,0,0,0,0,0
CFPB-2011-0026,3170-AA06,3170-AA06,5,5,4,4,0,0,0,0,0,0
CFPB-2011-0027,3170-AA06,3170-AA06,5,5,4,3,0,0,1,0,0,0
CFPB-2011-0030,3170-AA06,3170-AA06,6,6,4,3,1,0,0,0,0,0
CFTC-2010-0156,NA,NA,NA,7,4,2,2,0,0,0,0,0
CFTC-2011-0017,NA,NA,NA,9,4,2,2,0,0,0,0,0
CFTC-2012-0110,NA,NA,NA,7,4,4,0,0,0,0,0,0
CFTC-2014-0025,NA,NA,NA,4,4,1,3,0,0,0,0,0
CFTC-2016-0070,NA,NA,NA,7,4,1,3,0,0,0,0,0
R-1476_V1,7100-AE08,7100-AE08,9,7,4,3,0,1,0,0,0,0
S7-02-12,NA,NA,20,8,4,3,1,0,0,0,0,0
S7-02-13,3235-AL25,3235-AL25,39,6,4,2,2,0,0,0,0,0
S7-10-11,NA,NA,5,4,4,3,1,0,0,0,0,0
S7-19-10,NA,NA,10,5,4,2,2,0,0,0,0,0
S7-30-11,NA,NA,20,6,4,0,4,0,0,0,0,0
S7-40-11,NA,NA,53,7,4,2,2,0,0,0,0,0
S7-44-10,NA,NA,19,8,4,3,1,0,0,0,0,0
CFPB-2011-0007,3170-AA03,3170-AA03,5,3,3,3,0,0,0,0,0,0
CFTC-2010-0137,NA,NA,NA,14,3,2,1,0,0,0,0,0
CFTC-2016-0052,NA,NA,NA,7,3,3,0,0,0,0,0,0
CFTC-2016-0064,NA,NA,NA,3,3,0,3,0,0,0,0,0
R-1401_V2;R-1401,NA,NA,NA,6,3,1,2,0,0,0,0,0
R-1426,7100-AD78,7100-AD78,5,4,3,3,0,0,0,0,0,0
R-1438_V1,7100 AE13,7100 AE13,4,3,3,1,0,0,2,0,0,0
R-1455,7100-AD94,7100-AD94,5,5,3,2,1,0,0,0,0,0
R-1458,7100-AD96,7100-AD96,4,3,3,3,0,0,0,0,0,0
R-1482_V1,7100 AE12,7100 AE12,5,3,3,1,0,0,2,0,0,0
R-1489,7100-AE18,7100-AE18,10,7,3,3,0,0,0,0,0,0
S7-02-11,NA,NA,7,4,3,1,2,0,0,0,0,0
S7-03-11,NA,NA,7,3,3,3,0,0,0,0,0,0
S7-26-11,NA,NA,5,4,3,0,3,0,0,0,0,0
S7-41-10;S7-42-10;S7-40-10,NA,NA,NA,3,3,3,0,0,0,0,0,0
CFPB-2011-0005,3170-AA02,3170-AA02,9,3,2,2,0,0,0,0,0,0
CFPB-2011-0006,3170-AA05,3170-AA05,5,3,2,2,0,0,0,0,0,0
CFPB-2013-0012,3170-AA38,3170-AA38,6,3,2,2,0,0,0,0,0,0
CFTC-2010-0152,NA,NA,NA,3,2,2,0,0,0,0,0,0
CFTC-2011-0033,NA,NA,NA,7,2,2,0,0,0,0,0,0
CFTC-2011-0104,NA,NA,NA,16,2,2,0,0,0,0,0,0
CFTC-2012-0032,NA,NA,NA,5,2,2,0,0,0,0,0,0
CFTC-2015-0057,NA,NA,NA,4,2,2,0,0,0,0,0,0
CFTC-2016-0073,NA,NA,NA,4,2,2,0,0,0,0,0,0
R-1400_V1,7100-AD60,7100-AD60,2,2,2,2,0,0,0,0,0,0
R-1488,1557-AD81,"1557-AD81, 1557-AD83, 3064-AE12, 3064-AE13, 7100-AD16, 7100-AE17",2,2,2,1,1,0,0,0,0,0
R-1529,7100-AE43,7100-AE43,3,3,2,2,0,0,0,0,0,0
S7-05-14,NA,NA,14,7,2,2,0,0,0,0,0,0
S7-06-11;S7-34-10,NA,NA,NA,2,2,1,1,0,0,0,0,0
S7-14-15,NA,NA,6,3,2,2,0,0,0,0,0,0
S7-34-10;S7-40-11;S7-08-12,NA,NA,NA,2,2,1,1,0,0,0,0,0
S7-42-10;S7-40-10,NA,NA,NA,2,2,2,0,0,0,0,0,0
CFPB-2011-0025,3170-AA06,3170-AA06,6,2,1,1,0,0,0,0,0,0
CFPB-2011-0032,3170-AA06,3170-AA06,4,3,1,1,0,0,0,0,0,0
CFPB-2013-0001,3170-AA16,3170-AA16,1,1,1,1,0,0,0,0,0,0
CFPB-2016-0037,NA,NA,6,1,1,1,0,0,0,0,0,0
CFTC-2010-0148,NA,NA,NA,2,1,1,0,0,0,0,0,0
CFTC-2011-0028,NA,NA,NA,2,1,0,1,0,0,0,0,0
CFTC-2012-0069,NA,NA,NA,1,1,0,1,0,0,0,0,0
CFTC-2012-0079,NA,NA,NA,3,1,1,0,0,0,0,0,0
CFTC-2012-0097,NA,NA,NA,10,1,0,1,0,0,0,0,0
"NA",NA,NA,NA,1,1,1,0,0,0,0,0,0
R-1428,7100-AD79,7100-AD79,6,1,1,0,0,0,1,0,0,0
R-1430,7100-AD81,7100-AD81,5,1,1,1,0,0,0,0,0,0
R-1535,7100-AE49,7100-AE49,1,1,1,1,0,0,0,0,0,0
R–1477,7100-AE09,7100-AE09,7,5,1,0,1,0,0,0,0,0
S7-06-11;S7-43-10;S7-32-10;S7-35-10;S7-08-11;S7-34-10;S7-03-11;S7-25-11;S7-08-12;S7-40-11;S7-27-10,NA,NA,NA,1,1,0,1,0,0,0,0,0
S7-07-11;S7-18-08,NA,NA,NA,1,1,1,0,0,0,0,0,0
S7-08-12;S7-06-13,NA,NA,NA,1,1,1,0,0,0,0,0,0
S7-09-14,NA,NA,5,1,1,1,0,0,0,0,0,0
S7-12-15;S7-01-15,NA,NA,NA,1,1,1,0,0,0,0,0,0
S7-15-15,NA,NA,4,2,1,0,1,0,0,0,0,0
S7-22-11,NA,NA,7,4,1,1,0,0,0,0,0,0
S7-26-10;S7-24-10,NA,NA,NA,1,1,0,1,0,0,0,0,0
S7-28-10,NA,NA,3,1,1,0,1,0,0,0,0,0
S7-31-10;S7-30-10,NA,NA,NA,2,1,0,1,0,0,0,0,0
S7-34-10;S7-02-13,NA,NA,NA,1,1,1,0,0,0,0,0,0
S7-34-10;S7-25-11;S7-40-11;S7-08-12;S7-05-14,NA,NA,NA,1,1,0,1,0,0,0,0,0
S7-35-10;S7-25-11,NA,NA,NA,1,1,1,0,0,0,0,0,0
S7-35-10;S7-34-10;S7-02-13,NA,NA,NA,2,1,0,1,0,0,0,0,0
S7-35-10;S7-40-11,NA,NA,NA,1,1,0,1,0,0,0,0,0
S7-37-10;S7-25-10;S7-36-10,NA,NA,NA,1,1,0,1,0,0,0,0,0
S7-39-10;S7-32-10;S7-43-10;S7-35-10;S7-44-10;S7-06-11;S7-08-11;S7-34-10;S7-27-10,NA,NA,NA,1,1,1,0,0,0,0,0,0
S7-39-10;S7-43-10,NA,NA,NA,1,1,1,0,0,0,0,0,0
S7-39-10;S7-44-10;S7-34-10,NA,NA,NA,1,1,0,1,0,0,0,0,0
S7-40-11;S7-02-13,NA,NA,NA,1,1,0,1,0,0,0,0,0
S7-40-11;S7-08-12,NA,NA,NA,2,1,0,1,0,0,0,0,0
S7-43-10;S7-44-10;S7-39-10,NA,NA,NA,1,1,1,0,0,0,0,0,0
09-006,3038-AC79,3038-AC79,NA,0,0,0,0,0,0,0,0,0
1004,NA,NA,15,0,0,0,0,0,0,0,0,0
1007,3038-AC97,3038-AC97,371,0,0,0,0,0,0,0,0,0
1016,3038-AC98,"3038-AC98, 3038-AD35",7608,0,0,0,0,0,0,0,0,0
1019,3038-AD54,3038-AD54,82,0,0,0,0,0,0,0,0,0
1032,3038-AD46,3038-AD46,143,0,0,0,0,0,0,0,0,0
1037,3038-AD53,3038-AD53,54,0,0,0,0,0,0,0,0,0
1038,3038-AC99,3038-AC99,50,0,0,0,0,0,0,0,0,0
1074,3038-AD51,3038-AD51,35,0,0,0,0,0,0,0,0,0
1075,3038-AD51,3038-AD51,58,0,0,0,0,0,0,0,0,0
1125,3038-AD18,3038-AD18,38,0,0,0,0,0,0,0,0,0
1157,3038-AD05,3038-AD05,399,0,0,0,0,0,0,0,0,0
1161,3038-AD75,3038-AD75,68,0,0,0,0,0,0,0,0,0
1171,3038-AD14,3038-AD14,11,0,0,0,0,0,0,0,0,0
1176,3038-AD08,3038-AD08,327,0,0,0,0,0,0,0,0,0
1210-ZA18,1210-ZA18,1210-ZA18,NA,0,0,0,0,0,0,0,0,0
1217,3038-AD66,3038-AD66,2,0,0,0,0,0,0,0,0,0
1227,3038-AD84,3038-AD84,6,0,0,0,0,0,0,0,0,0
1237,3038-AD47,3038-AD47,30,0,0,0,0,0,0,0,0,0
1247,3038-AD31,3038-AD31,13,0,0,0,0,0,0,0,0,0
1252,3038-AD86,3038-AD86,36,0,0,0,0,0,0,0,0,0
1256,3038-AD46,3038-AD46,43,0,0,0,0,0,0,0,0,0
1262,3038-AD47,3038-AD47,14,0,0,0,0,0,0,0,0,0
1291,3038-AD88,3038-AD88,148,0,0,0,0,0,0,0,0,0
1346,3038-AE00,3038-AE00,4,0,0,0,0,0,0,0,0,0
1391,3038-AE06,3038-AE06,13,0,0,0,0,0,0,0,0,0
1427,3038-AD82,3038-AD82,473,0,0,0,0,0,0,0,0,0
1436,3038-AD99,3038-AD99,635,0,0,0,0,0,0,0,0,0
1483,3038-AE14,3038-AE14,6,0,0,0,0,0,0,0,0,0
1503,3038-AE19,3038-AE19,13,0,0,0,0,0,0,0,0,0
1580,3038-AE26,3038-AE26,19,0,0,0,0,0,0,0,0,0
1614,3038-AE12,3038-AE12,19,0,0,0,0,0,0,0,0,0
1619,3038-AE17,3038-AE17,5,0,0,0,0,0,0,0,0,0
1701,NA,NA,1,0,0,0,0,0,0,0,0,0
1703,NA,NA,8,0,0,0,0,0,0,0,0,0
1711,3038-AE20,3038-AE20,12,0,0,0,0,0,0,0,0,0
1725,3038-AE47,3038-AE47,6,0,0,0,0,0,0,0,0,0
1729,3038-AE49,3038-AE49,2,0,0,0,0,0,0,0,0,0
1733,3038-AE50,3038-AE50,7,0,0,0,0,0,0,0,0,0
1752,3038-AE54,3038-AE54,33,0,0,0,0,0,0,0,0,0
1769,3038-AD54,3038-AD54,35,0,0,0,0,0,0,0,0,0
1772,3038-AD99,3038-AD99,449,0,0,0,0,0,0,0,0,0
1774,3038-AE36,3038-AE36,20,0,0,0,0,0,0,0,0,0
1776,3038-AE15,3038-AE15,1,0,0,0,0,0,0,0,0,0
1777,3038-AE44,3038-AE44,21,0,0,0,0,0,0,0,0,0
1811,3038-AE56,3038-AE56,12,0,0,0,0,0,0,0,0,0
2590-AA36,2590-AA36,2590-AA36,NA,0,0,0,0,0,0,0,0,0
2590-AA40,2590-AA40,2590-AA40,NA,0,0,0,0,0,0,0,0,0
2590-AA42,1550-AC49,"1550-AC49, 1557-AD39, 2590-AA42, 3064-AD56, 3064-AD86, 3133-AD88, 3133-AE48, 7100-AD69, 7100-AE50",NA,0,0,0,0,0,0,0,0,0
2590-AA43,1557-AD40,"1557-AD40, 2501-AD53, 2590-AA43, 3064-AD74, 7100-AD70",NA,0,0,0,0,0,0,0,0,0
2590-AA45,1557-AD43,"1557-AD43, 2590-AA45, 3064-AD79, 3064-AE21, 7100-AD74",NA,0,0,0,0,0,0,0,0,0
2590-AA47,2590-AA47,2590-AA47,NA,0,0,0,0,0,0,0,0,0
2590–AA36,NA,NA,NA,0,0,0,0,0,0,0,0,0
2590–AA40,NA,NA,NA,0,0,0,0,0,0,0,0,0
2590–AA45,NA,NA,NA,0,0,0,0,0,0,0,0,0
3038-AD13,3038-AD13,3038-AD13,8,0,0,0,0,0,0,0,0,0
3064-AD37,3064-AD37,3064-AD37,93,0,0,0,0,0,0,0,0,0
3064-AD56,1550-AC49,"1550-AC49, 1557-AD39, 2590-AA42, 3064-AD56, 3064-AD86, 3133-AD88, 3133-AE48, 7100-AD69, 7100-AE50",87,0,0,0,0,0,0,0,0,0
3064-AD58,1557-AD33,"1557-AD33, 3064-AD58",16,0,0,0,0,0,0,0,0,0
3064-AD59,3064-AD59,3064-AD59,7,0,0,0,0,0,0,0,0,0
3064-AD62,1550-AC43,"1550-AC43, 1557-AD35, 3064-AD62, 7100-AD53",23,0,0,0,0,0,0,0,0,0
3064-AD63,3064-AD63,3064-AD63,5,0,0,0,0,0,0,0,0,0
3064-AD65,3064-AD65,3064-AD65,93,0,0,0,0,0,0,0,0,0
3064-AD66,3064-AD66,3064-AD66,33,0,0,0,0,0,0,0,0,0
3064-AD66,3064-AD66,3064-AD66,36,0,0,0,0,0,0,0,0,0
3064-AD68,3064-AD68,3064-AD68,NA,0,0,0,0,0,0,0,0,0
3064-AD69,3064-AD69,3064-AD69,5,0,0,0,0,0,0,0,0,0
3064-AD70,1557-AC99,"1557-AC99, 3064-AD70, 7100-AD61",4,0,0,0,0,0,0,0,0,0
3064-AD70,1557-AC99,"1557-AC99, 3064-AD70, 7100-AD61",28,0,0,0,0,0,0,0,0,0
3064-AD70,1557-AC99,"1557-AC99, 3064-AD70, 7100-AD61",NA,0,0,0,0,0,0,0,0,0
3064-AD73,3064-AD73,3064-AD73,21,0,0,0,0,0,0,0,0,0
3064-AD74,1557-AD40,"1557-AD40, 2501-AD53, 2590-AA43, 3064-AD74, 7100-AD70",293,0,0,0,0,0,0,0,0,0
3064-AD77,3064-AD77,"3064-AD77, 7100-AD73",20,0,0,0,0,0,0,0,0,0
3064-AD78,3064-AD78,3064-AD78,8,0,0,0,0,0,0,0,0,0
3064-AD81,3064-AD81,3064-AD81,6,0,0,0,0,0,0,0,0,0
3064-AD82,3064-AD82,3064-AD82,3,0,0,0,0,0,0,0,0,0
3064-AD84,1505-AC36,"1505-AC36, 3064-AD84",1,0,0,0,0,0,0,0,0,0
3064-AD85,1557-AD44,"1557-AD44, 3064-AD85, 7100-AD82",NA,0,0,0,0,0,0,0,0,0
3064-AD86,1550-AC49,"1550-AC49, 1557-AD39, 2590-AA42, 3064-AD56, 3064-AD86, 3133-AD88, 3133-AE48, 7100-AD69, 7100-AE50",53,0,0,0,0,0,0,0,0,0
3064-AD88,3064-AD88,3064-AD88,2,0,0,0,0,0,0,0,0,0
3064-AD89,3064-AD89,3064-AD89,5,0,0,0,0,0,0,0,0,0
3064-AD91,3064-AD91,3064-AD91,18,0,0,0,0,0,0,0,0,0
3064-AD92,3064-AD92,3064-AD92,18,0,0,0,0,0,0,0,0,0
3064-AD94,3064-AD94,3064-AD94,7,0,0,0,0,0,0,0,0,0
3064-AD95,1557-AD46,"1557-AD46, 3064-AD95, 3064-AD97, 7100-AD87",3,0,0,0,0,0,0,0,0,0
3064-AD95,1557-AD46,"1557-AD46, 3064-AD95, 3064-AD97, 7100-AD87",1529,0,0,0,0,0,0,0,0,0
3064-AD95,1557-AD46,"1557-AD46, 3064-AD95, 3064-AD97, 7100-AD87",NA,0,0,0,0,0,0,0,0,0
3064-AD97,1557-AD46,"1557-AD46, 3064-AD95, 3064-AD97, 7100-AD87",1058,0,0,0,0,0,0,0,0,0
3064-AD97,1557-AD46,"1557-AD46, 3064-AD95, 3064-AD97, 7100-AD87",1482,0,0,0,0,0,0,0,0,0
3064-AE04,1557-AD74,"1557-AD74, 3064-AE04, 7100-AE03",105,0,0,0,0,0,0,0,0,0
3064-AE05,3064-AE05,3064-AE05,2,0,0,0,0,0,0,0,0,0
3064-AE11,1557-AD79,"1557-AD79, 3064-AE11, 7100-AE11",16,0,0,0,0,0,0,0,0,0
3064-AE12,1557-AD81,"1557-AD81, 1557-AD83, 3064-AE12, 3064-AE13, 7100-AD16, 7100-AE17",2,0,0,0,0,0,0,0,0,0
3064-AE12,1557-AD81,"1557-AD81, 1557-AD83, 3064-AE12, 3064-AE13, 7100-AD16, 7100-AE17",13,0,0,0,0,0,0,0,0,0
3064-AE13,1557-AD81,"1557-AD81, 1557-AD83, 3064-AE12, 3064-AE13, 7100-AD16, 7100-AE17",2,0,0,0,0,0,0,0,0,0
3064-AE16,3064-AE16,3064-AE16,4,0,0,0,0,0,0,0,0,0
3064-AE18,3064-AE18,3064-AE18,3,0,0,0,0,0,0,0,0,0
3064-AE21,1557-AD43,"1557-AD43, 2590-AA45, 3064-AD79, 3064-AE21, 7100-AD74",11,0,0,0,0,0,0,0,0,0
3064-AE21,1557-AD43,"1557-AD43, 2590-AA45, 3064-AD79, 3064-AE21, 7100-AD74",63,0,0,0,0,0,0,0,0,0
3064-AE30,3064-AE30,3064-AE30,3,0,0,0,0,0,0,0,0,0
3064-AE36,3064-AE36,3064-AE36,2,0,0,0,0,0,0,0,0,0
3064-AE37,3064-AE37,3064-AE37,19,0,0,0,0,0,0,0,0,0
3064-AE37,3064-AE37,3064-AE37,516,0,0,0,0,0,0,0,0,0
3064-AE39,3064-AE39,3064-AE39,2,0,0,0,0,0,0,0,0,0
3064-AE46,3064-AE46,3064-AE46,14,0,0,0,0,0,0,0,0,0
3064–AD79,NA,NA,114,0,0,0,0,0,0,0,0,0
3064–AE01,NA,NA,27,0,0,0,0,0,0,0,0,0
3064–AE10,NA,NA,42,0,0,0,0,0,0,0,0,0
3064–AE21,NA,NA,NA,0,0,0,0,0,0,0,0,0
3064–AE25,NA,NA,2,0,0,0,0,0,0,0,0,0
3064–AE45,NA,NA,24,0,0,0,0,0,0,0,0,0
3064–AE58,NA,NA,2,0,0,0,0,0,0,0,0,0
748,3038-AC61,3038-AC61,9016,0,0,0,0,0,0,0,0,0
759,NA,NA,964,0,0,0,0,0,0,0,0,0
765,NA,NA,26,0,0,0,0,0,0,0,0,0
767,3038-AD24,3038-AD24,15,0,0,0,0,0,0,0,0,0
768,NA,NA,61,0,0,0,0,0,0,0,0,0
861,3038-AD01,3038-AD01,1139,0,0,0,0,0,0,0,0,0
868,NA,NA,50,0,0,0,0,0,0,0,0,0
878,3038-AD12,3038-AD12,3,0,0,0,0,0,0,0,0,0
888,3038-AD11,3038-AD11,3,0,0,0,0,0,0,0,0,0
889,3038-AD17,3038-AD17,1166,0,0,0,0,0,0,0,0,0
890,3038-AD00,3038-AD00,71,0,0,0,0,0,0,0,0,0
891,3038-AD07,3038-AD07,9,0,0,0,0,0,0,0,0,0
893,3038-AD26,3038-AD26,54,0,0,0,0,0,0,0,0,0
893,3038-AD96,3038-AD96,54,0,0,0,0,0,0,0,0,0
894,3038-AC15,3038-AC15,71,0,0,0,0,0,0,0,0,0
895,3038-AD27,3038-AD27,888,0,0,0,0,0,0,0,0,0
897,3038-AC96,3038-AC96,58,0,0,0,0,0,0,0,0,0
899,3038-AC96,3038-AC96,65,0,0,0,0,0,0,0,0,0
902,3038-AD19,3038-AD19,932,0,0,0,0,0,0,0,0,0
903,3038-AC95,3038-AC95,80,0,0,0,0,0,0,0,0,0
904,3038-AC96,3038-AC96,812,0,0,0,0,0,0,0,0,0
905,3038-AC96,3038-AC96,800,0,0,0,0,0,0,0,0,0
912,3038-AD99,3038-AD99,37,0,0,0,0,0,0,0,0,0
913,3038-AD28,3038-AD28,53,0,0,0,0,0,0,0,0,0
916,3038-AD04,3038-AD04,638,0,0,0,0,0,0,0,0,0
920,3038-AD19,3038-AD19,150,0,0,0,0,0,0,0,0,0
921,3038-AC96,3038-AC96,51,0,0,0,0,0,0,0,0,0
924,3038-AD08,3038-AD08,193,0,0,0,0,0,0,0,0,0
925,3038-AC98,"3038-AC98, 3038-AD35",65,0,0,0,0,0,0,0,0,0
927,3038-AD29,3038-AD29,11,0,0,0,0,0,0,0,0,0
929,3038-AC98,"3038-AC98, 3038-AD35",49,0,0,0,0,0,0,0,0,0
933,3038-AD06,3038-AD06,1095,0,0,0,0,0,0,0,0,0
934,3038-AD09,3038-AD09,102,0,0,0,0,0,0,0,0,0
935,3038-AD25,3038-AD25,201,0,0,0,0,0,0,0,0,0
937,3038-AD10,3038-AD10,1554,0,0,0,0,0,0,0,0,0
939,3038-AD20,3038-AD20,85,0,0,0,0,0,0,0,0,0
951,3038-AC96,3038-AC96,78,0,0,0,0,0,0,0,0,0
953,3038-AD01,3038-AD01,1139,0,0,0,0,0,0,0,0,0
955,3038-AD18,3038-AD18,241,0,0,0,0,0,0,0,0,0
965,3038-AD17,3038-AD17,14429,0,0,0,0,0,0,0,0,0
968,3038-AD21,3038-AD21,74,0,0,0,0,0,0,0,0,0
968,3038-AD62,3038-AD62,74,0,0,0,0,0,0,0,0,0
969,3038-AC96,3038-AC96,48,0,0,0,0,0,0,0,0,0
970,3038-AC96,3038-AC96,85,0,0,0,0,0,0,0,0,0
973,3038-AD30,3038-AD30,109,0,0,0,0,0,0,0,0,0
974,3038-AD03,3038-AD03,27,0,0,0,0,0,0,0,0,0
983,3038-AD49,3038-AD49,43,0,0,0,0,0,0,0,0,0
985,3038-AC96,3038-AC96,35,0,0,0,0,0,0,0,0,0
985,3038-AD50,3038-AD50,35,0,0,0,0,0,0,0,0,0
986,3038-AC98,"3038-AC98, 3038-AD35",64,0,0,0,0,0,0,0,0,0
991,3038-AD26,3038-AD26,54,0,0,0,0,0,0,0,0,0
994,3038-AC98,"3038-AC98, 3038-AD35",119,0,0,0,0,0,0,0,0,0
ASC-2016-0004,3139-AA00,3139-AA00,107,0,0,0,0,0,0,0,0,0
CFPB-2012-0016,3209-AA15,3209-AA15,1,0,0,0,0,0,0,0,0,0
CFPB-2012-0040,3170-AA00,"3170-AA00, 3170-AA30",NA,0,0,0,0,0,0,0,0,0
CFPB-2012-0042,NA,NA,NA,0,0,0,0,0,0,0,0,0
CFPB-2012-0043,NA,NA,NA,0,0,0,0,0,0,0,0,0
CFPB-2013-0006,3170-AA36,3170-AA36,NA,0,0,0,0,0,0,0,0,0
CFPB-2013-0030,3170-AA29,3170-AA29,3,0,0,0,0,0,0,0,0,0
CFPB-2013-0034,NA,NA,NA,0,0,0,0,0,0,0,0,0
CFPB-2013-0035,NA,NA,NA,0,0,0,0,0,0,0,0,0
CFPB-2013-0038,NA,NA,NA,0,0,0,0,0,0,0,0,0
CFPB-2014-0030,NA,NA,NA,0,0,0,0,0,0,0,0,0
CFPB-2016-0035,1557-AD62,"1557-AD62, 1557-AD70, 1557-AD90, 1557-AD99, 3170-AA11, 3170-AA68, 7100 AE56, 7100-AD90",1,0,0,0,0,0,0,0,0,0
CFPB-2016-0036,1557-AD62,"1557-AD62, 1557-AD70, 1557-AD90, 1557-AD99, 3170-AA11, 3170-AA68, 7100 AE56, 7100-AD90",1,0,0,0,0,0,0,0,0,0
CFPB-2016-0050,3209-AA15,3209-AA15,NA,0,0,0,0,0,0,0,0,0
CFPB-2017-0026,NA,NA,NA,0,0,0,0,0,0,0,0,0
CFPB-2017-0027,NA,NA,NA,0,0,0,0,0,0,0,0,0
CFTC-2013-0032,NA,NA,NA,2,0,0,0,0,0,0,0,0
CFTC-2013-0071,NA,NA,NA,7,0,0,0,0,0,0,0,0
CFTC-2016-0068,NA,NA,NA,1,0,0,0,0,0,0,0,0
CFTC-2017-0003,NA,NA,NA,1,0,0,0,0,0,0,0,0
DOE-HQ-2011-0036,1990-AA38,1990-AA38,NA,0,0,0,0,0,0,0,0,0
Financial Deriviatives Transactions To Offset Interest Rate Risk: Investment and Deposit Activities,NA,NA,NA,0,0,0,0,0,0,0,0,0
FSOC-2010-0001,NA,NA,71,0,0,0,0,0,0,0,0,0
FSOC-2010-0003,NA,NA,14,0,0,0,0,0,0,0,0,0
FSOC-2011-0001,4030-AA00,4030-AA00,87,0,0,0,0,0,0,0,0,0
FSOC-2011-0003,NA,NA,15,0,0,0,0,0,0,0,0,0
FSOC-2011-0004,NA,NA,11,0,0,0,0,0,0,0,0,0
FTC-2011-0065,NA,NA,NA,0,0,0,0,0,0,0,0,0
FTC-2012-0105,3084-AA94,3084-AA94,NA,0,0,0,0,0,0,0,0,0
HUD-2009-0155,2502-A170,2502-A170,4999,0,0,0,0,0,0,0,0,0
HUD-2011-0038,2502-AI97,2502-AI97,3,0,0,0,0,0,0,0,0,0
HUD-2011-0056,1557-AD40,"1557-AD40, 2501-AD53, 2590-AA43, 3064-AD74, 7100-AD70",298,0,0,0,0,0,0,0,0,0
HUD-2011-0157,2501-AC94,2501-AC94,322,0,0,0,0,0,0,0,0,0
HUD-2013-0083,2502-AI94,2502-AI94,197,0,0,0,0,0,0,0,0,0
HUD-2013-0090,NA,NA,1999,0,0,0,0,0,0,0,0,0
HUD-2013-0093,2502-AJ18,2502-AJ18,67,0,0,0,0,0,0,0,0,0
Incentive-based Compensation Arrangements,1550-AC49,"1550-AC49, 1557-AD39, 2590-AA42, 3064-AD56, 3064-AD86, 3133-AD88, 3133-AE48, 7100-AD69, 7100-AE50",195,116,0,0,0,0,0,0,0,0
Incentive-based Compensation Arrangements,1550-AC49,"1550-AC49, 1557-AD39, 2590-AA42, 3064-AD56, 3064-AD86, 3133-AD88, 3133-AE48, 7100-AD69, 7100-AE50",NA,116,0,0,0,0,0,0,0,0
IRS-2011-0017,1545-BK27,1545-BK27,NA,0,0,0,0,0,0,0,0,0
OCC-2010-0003,1557-AC99,"1557-AC99, 3064-AD70, 7100-AD61",47,0,0,0,0,0,0,0,0,0
OCC-2010-0009,NA,NA,18,0,0,0,0,0,0,0,0,0
OCC-2010-0016,NA,NA,29,0,0,0,0,0,0,0,0,0
OCC-2010-0017,NA,NA,12,0,0,0,0,0,0,0,0,0
OCC-2010-0021,1550-AC42,"1550-AC42, 1557-AD34",NA,0,0,0,0,0,0,0,0,0
OCC-2011-0001,NA,NA,2943,0,0,0,0,0,0,0,0,0
OCC-2011-0002,NA,NA,414,0,0,0,0,0,0,0,0,0
OCC-2011-0006,NA,NA,44,0,0,0,0,0,0,0,0,0
OCC-2011-0007,NA,NA,4,0,0,0,0,0,0,0,0,0
OCC-2011-0008,NA,NA,185,0,0,0,0,0,0,0,0,0
OCC-2011-0009,1557-AD33,"1557-AD33, 3064-AD58",NA,0,0,0,0,0,0,0,0,0
OCC-2011-0010,NA,NA,NA,0,0,0,0,0,0,0,0,0
OCC-2011-0014,NA,NA,3957,0,0,0,0,0,0,0,0,0
OCC-2011-0016,NA,NA,8,0,0,0,0,0,0,0,0,0
OCC-2011-0018,1557-AD41,1557-AD41,NA,0,0,0,0,0,0,0,0,0
OCC-2011-0019,1557-AD36,1557-AD36,8,0,0,0,0,0,0,0,0,0
OCC-2011-0021,1557-AD42,1557-AD42,NA,0,0,0,0,0,0,0,0,0
OCC-2011-0029,1557-AD58,1557-AD58,20,0,0,0,0,0,0,0,0,0
OCC-2012-0002,1557-AC99,"1557-AC99, 3064-AD70, 7100-AD61",NA,0,0,0,0,0,0,0,0,0
OCC-2012-0005,1557-AD36,1557-AD36,NA,0,0,0,0,0,0,0,0,0
OCC-2012-0007,1557-AD59,1557-AD59,7,0,0,0,0,0,0,0,0,0
OCC-2012-0008,1557-AD46,"1557-AD46, 3064-AD95, 3064-AD97, 7100-AD87",1989,0,0,0,0,0,0,0,0,0
OCC-2012-0009,1557-AD46,"1557-AD46, 3064-AD95, 3064-AD97, 7100-AD87",1998,0,0,0,0,0,0,0,0,0
OCC-2012-0010,1557-AD46,"1557-AD46, 3064-AD95, 3064-AD97, 7100-AD87",1992,0,0,0,0,0,0,0,0,0
OCC-2012-0013,1557-AD62,"1557-AD62, 1557-AD70, 1557-AD90, 1557-AD99, 3170-AA11, 3170-AA68, 7100 AE56, 7100-AD90",28,0,0,0,0,0,0,0,0,0
OCC-2012-0014,1557-AD42,1557-AD42,1,0,0,0,0,0,0,0,0,0
OCC-2013-0008,1557-AD69,"1557-AD69, 3064-AE01, 7100-AD99",26,0,0,0,0,0,0,0,0,0
OCC-2013-0009,1557-AD62,"1557-AD62, 1557-AD70, 1557-AD90, 1557-AD99, 3170-AA11, 3170-AA68, 7100 AE56, 7100-AD90",9,0,0,0,0,0,0,0,0,0
OCC-2013-0010,1557-AD40,"1557-AD40, 2501-AD53, 2590-AA43, 3064-AD74, 7100-AD70",218,0,0,0,0,0,0,0,0,0
OCC-2013-0014,NA,NA,79,0,0,0,0,0,0,0,0,0
OCC-2013-0016,1557-AD74,"1557-AD74, 3064-AE04, 7100-AE03",142,0,0,0,0,0,0,0,0,0
OCC-2014-0002,1557-AD64,"1557-AD64, 3064-AE10, 3133-AE22, 3170-AA44, 7100-AE15",55,0,0,0,0,0,0,0,0,0
OCC-2014-0003,1557-AD79,"1557-AD79, 3064-AE11, 7100-AE11",8,0,0,0,0,0,0,0,0,0
OCC-2014-0004,NA,NA,1,0,0,0,0,0,0,0,0,0
OCC-2014-0007,1557-AD80,1557-AD80,3,0,0,0,0,0,0,0,0,0
OCC-2014-0008,1557-AD81,"1557-AD81, 1557-AD83, 3064-AE12, 3064-AE13, 7100-AD16, 7100-AE17",14,0,0,0,0,0,0,0,0,0
OCC-2014-0009,1557-AD82,1557-AD82,2,0,0,0,0,0,0,0,0,0
OCC-2014-0012,1557-AD81,"1557-AD81, 1557-AD83, 3064-AE12, 3064-AE13, 7100-AD16, 7100-AE17",2,0,0,0,0,0,0,0,0,0
OCC-2014-0015,1557-AD85,1557-AD85,5,0,0,0,0,0,0,0,0,0
OCC-2014-0027,1557-AD62,"1557-AD62, 1557-AD70, 1557-AD90, 1557-AD99, 3170-AA11, 3170-AA68, 7100 AE56, 7100-AD90",NA,0,0,0,0,0,0,0,0,0
OCC-2014-0029,NA,NA,26,0,0,0,0,0,0,0,0,0
OCC-2015-0021,1557-AD62,"1557-AD62, 1557-AD70, 1557-AD90, 1557-AD99, 3170-AA11, 3170-AA68, 7100 AE56, 7100-AD90",3,0,0,0,0,0,0,0,0,0
OCC-2015-0023,NA,NA,8,0,0,0,0,0,0,0,0,0
OCC-2016-0016,1557-AE06,"1557-AE06, 3064-AE45, 7100-AE61",38,0,0,0,0,0,0,0,0,0
OSHA-2011-0126,1218-AC53,1218-AC53,6,0,0,0,0,0,0,0,0,0
OSHA-2011-0540,1218-AC58,1218-AC58,2,0,0,0,0,0,0,0,0,0
OTS-2010-0027,NA,NA,15,0,0,0,0,0,0,0,0,0
OTS-2010-0029,NA,NA,2,0,0,0,0,0,0,0,0,0
OTS-2010-0031,1550-AC42,"1550-AC42, 1557-AD34",NA,0,0,0,0,0,0,0,0,0
OTS-2011-0002,NA,NA,2,0,0,0,0,0,0,0,0,0
OTS-2011-0004,NA,NA,2000,0,0,0,0,0,0,0,0,0
PCAOB– 2011–01,NA,NA,1,0,0,0,0,0,0,0,0,0
R-1401,NA,NA,10,0,0,0,0,0,0,0,0,0
R-1401,NA,NA,32,0,0,0,0,0,0,0,0,0
R-1401;R-1401_V2,NA,NA,NA,1,0,0,0,0,0,0,0,0
R-1404,7100-AD63,7100-AD63,42,1546,0,0,0,0,0,0,0,0
R-1404,7100-AD63,7100-AD63,1559,1546,0,0,0,0,0,0,0,0
R-1409,7100-AD68,7100-AD68,NA,0,0,0,0,0,0,0,0,0
R-1411,1557-AD40,"1557-AD40, 2501-AD53, 2590-AA43, 3064-AD74, 7100-AD70",197,870,0,0,0,0,0,0,0,0
R-1411,1557-AD40,"1557-AD40, 2501-AD53, 2590-AA43, 3064-AD74, 7100-AD70",404,870,0,0,0,0,0,0,0,0
R-1425,7100-AD77,7100-AD77,NA,0,0,0,0,0,0,0,0,0
R-1438,7100-AD86,7100-AD86,63,278,0,0,0,0,0,0,0,0
R-1438,7100-AD86,7100-AD86,104,278,0,0,0,0,0,0,0,0
R-1442,1557-AD46,"1557-AD46, 3064-AD95, 3064-AD97, 7100-AD87",10,2222,0,0,0,0,0,0,0,0
R-1442,1557-AD46,"1557-AD46, 3064-AD95, 3064-AD97, 7100-AD87",1281,2222,0,0,0,0,0,0,0,0
R-1443_V3,1557-AD62,"1557-AD62, 1557-AD70, 1557-AD90, 1557-AD99, 3170-AA11, 3170-AA68, 7100 AE56, 7100-AD90",1,0,0,0,0,0,0,0,0,0
R-1459,7100-AD98,7100-AD98,NA,0,0,0,0,0,0,0,0,0
R-1463,7100-AE01,7100-AE01,2,0,0,0,0,0,0,0,0,0
R-1464,7100-AE02,7100-AE02,NA,0,0,0,0,0,0,0,0,0
R-1466,1557-AD74,"1557-AD74, 3064-AE04, 7100-AE03",NA,0,0,0,0,0,0,0,0,0
R-1484,7100-AE14,7100-AE14,NA,0,0,0,0,0,0,0,0,0
R-1514,7100-AE32,7100-AE32,NA,0,0,0,0,0,0,0,0,0
R-1545_V1,1557-AD62,"1557-AD62, 1557-AD70, 1557-AD90, 1557-AD99, 3170-AA11, 3170-AA68, 7100 AE56, 7100-AD90",NA,0,0,0,0,0,0,0,0,0
R-1546_V1,7100 AE57,7100 AE57,NA,0,0,0,0,0,0,0,0,0
R-1564,7100-AE78,7100-AE78,13,0,0,0,0,0,0,0,0,0
R1408_V1,7100-AD67,7100-AD67,NA,0,0,0,0,0,0,0,0,0
Removing References to Credit Ratings,3133-AD86,3133-AD86,11,0,0,0,0,0,0,0,0,0
S7-02-16,NA,NA,NA,0,0,0,0,0,0,0,0,0
S7-03-14,NA,NA,NA,0,0,0,0,0,0,0,0,0
S7-07-11;S7-15-11;S7-08-10,NA,NA,NA,1,0,0,0,0,0,0,0,0
S7-07-16,NA,NA,NA,0,0,0,0,0,0,0,0,0
S7-08-12;S7-05-14,NA,NA,NA,1,0,0,0,0,0,0,0,0
s7-08-13,NA,NA,53,0,0,0,0,0,0,0,0,0
S7-22-16,NA,NA,NA,0,0,0,0,0,0,0,0,0
S7-23-16,NA,NA,NA,0,0,0,0,0,0,0,0,0
S7-24-16,NA,NA,NA,0,0,0,0,0,0,0,0,0
S7-25-11;S7-08-12;S7-40-11,NA,NA,NA,1,0,0,0,0,0,0,0,0
S7-25-15,3235-AL53,3235-AL53,NA,0,0,0,0,0,0,0,0,0
S7-32-10;S7-36-10;S7-35-10;S7-34-10,NA,NA,NA,1,0,0,0,0,0,0,0,0
S7-34-10;S7-05-14,NA,NA,NA,1,0,0,0,0,0,0,0,0
S7-38-11;S7-08-10,NA,NA,NA,1,0,0,0,0,0,0,0,0
S7-39-10;S7-41-11,NA,NA,NA,1,0,0,0,0,0,0,0,0
S7-44-10;S7-39-10,NA,NA,NA,1,0,0,0,0,0,0,0,0
S7-44-10;S7-39-10;S7-34-10,NA,NA,NA,1,0,0,0,0,0,0,0,0
TREAS-DO-2011-0004,NA,NA,24,0,0,0,0,0,0,0,0,0
TREAS-DO-2011-0009,1535-AA02,1535-AA02,1,0,0,0,0,0,0,0,0,0
TREAS-DO-2011-0011,1505-AC38,1505-AC38,2,0,0,0,0,0,0,0,0,0
TREAS-DO-2011-0012,1505-AC36,"1505-AC36, 3064-AD84",2,0,0,0,0,0,0,0,0,0
TREAS-DO-2012-0001,1505-AC42,1505-AC42,20,0,0,0,0,0,0,0,0,0
TREAS-DO-2012-0005,1505-AC40,1505-AC40,8,0,0,0,0,0,0,0,0,0
TREAS-DO-2015-0001,1505-AC36,"1505-AC36, 3064-AD84",19,0,0,0,0,0,0,0,0,0
VA-2014-VBA-0008,2900-AO65,2900-AO65,22,0,0,0,0,0,0,0,0,0
